name,Latitude,Longitude
A One Hospital,28.67882,77.0981158
Aakash Healthcare Super Speciality Hospital,28.6054061,77.0535572
Aakash Hospital,28.5350359,77.2148651
Aakash Hospital,28.6053767,77.0536459
Aarogya Hospital,28.6413801,77.2863392
Aashirwad Nursing Home,28.6379887,77.0520031
Aashlok Hospital,28.566466,77.198976
Aastha Hospital,28.7327628,77.1416494
Aayana Clinic,28.55088783,77.2003883
Acharya Shree Bhikshu Hospital,28.66225344,77.14033973
Adarsh Hospital,28.535139,77.2223229
Adiva Hospital,28.5583994,77.2064208
Aggarwal Dharmarth Hospital,28.6812368,77.1976619
Aggarwal Nursing Home,28.6766024,77.1804445
AIIMS Urban Health Centre,28.5221871,77.242704
Airmid Hospital,28.7449013,77.144869
Airport Health Organization,28.5445057,77.115956
al-shifa,28.5570345,77.2929977
Alshifa Multispeciality Hospital,28.5570997,77.2929324
Aman Medical Centre,28.5216502,77.1812935
Ambedkar Nagar Hospital,28.5223965,77.2383804
Amit Nursing Home,28.6340005,77.1095894
Anand Maya Multi Speciality Hospital,28.7299137,77.1600821
Anandam Psychiatry Center,28.66379952,77.14166501
Angel Agastya Multi Speciality Hospital,28.5870577,77.0857082
Apaar Nursing Home,28.614442,77.071139
Apex Citi Hospital,28.6265513,77.3019477
Apex Hospital,28.5001805,77.1843915
Apollo,28.5403869,77.2829628
Apollo Cradle Maternity & Children's Hospital,28.6617972,77.1503029
Apollo Fertility,28.5964346,77.0400311
Apollo Spectra Hospitals,28.5555937,77.2412436
Apollo Spectra Hospitals,28.6583838,77.1936638
Ardent Ganpati Hospital,28.6819483,77.0387679
Ardent Hospital,28.5869919,77.0859526
Ariston Multispeciality Hospital,28.5379869,77.2482605
Arogya Care,28.6958743,77.0588261
Arora Nursing Home,28.7141757,77.1528872
Arpan Hospital,28.5104176,77.2374101
Aruna Asaf Ali Government Hospital,28.6697661,77.2178501
Arya Hospital,28.6172035,77.0794442
Aryan Hospital,28.7999135,77.0364781
Asha Hospital,28.6365818,77.0516082
Asha kiran mental hospital,28.7028126,77.0958863
Asi Hospital,28.6561778,77.1334074
Asian Samra Multi Speciality Hospital,28.701808,77.278726
Attar Sain Jain Hospital,28.6821792,77.1502237
Avantika Multispeciality Hospital,28.6979066,77.1085167
Ayurvedic Mental Hospital,28.7237864,77.1497987
Ayushman Hospital,28.5965201,77.0493833
Ayushman Hospital,28.5881804,77.0596665
B K Memorial Hospital,28.67123504,77.11259333
B.M. Gupta Hospital Pvt. Ltd.,28.6195378,77.0613682
Babu Jagjivan Ram Memorial Hospital,28.73456431,77.17277163
Bagga Nursing Home,28.660249,77.090997
Bal Kishan Memorial Hospital,28.5118287,77.2346317
Bala Ji Hospital,28.6334854,77.0558285
Balak Ram Hospital,28.5114808,77.202496
Balak Ram Hospital,28.70527917,77.22519894
Balhara's Le Cure Hospital,28.5097683,77.2014454
Banarsidas Chandiwala Insitute of Medical Sciences,28.5441942,77.2676793
Bansal Hospital,28.563833,77.271553
Banwari Lal Charitable Trust Diagnostic Centre,28.6420044,77.2042941
Base Hospital,28.5095632,77.2486514
Batla Hospital,28.56701,77.2843026
Batra Hospital,28.51392843,77.24561201
Bawana Dispensary,28.8012625,77.0374388
Bawasher Hospital,28.6742139,77.1761804
Behl Hospital,28.6243272,77.1367669
Bensups Hospital,28.59267716,77.04407234
best care hospital,28.68452,77.3278636
Bhagat Chandra Hospital,28.5934549,77.0816478
Bhagat Chandra Hospital,28.6051867,77.0984624
Bhagat Chandra Hospital,28.59329525,77.0812703
Bhagat Hospital,28.6085331,77.1060923
Bhagwan Mahavir Hospital,28.68868853,77.11795801
Bhagwan Mahavir Super Speciality Hospital,28.7057477,77.1294721
Bhagwati Hospital,28.5241613,77.1788654
Bhagwati Hospital,28.7191521,77.1295373
BHARAT VIKAS PARISHAD(FREE EYE CAMP),28.6885897,77.2917846
Bharti Nursingh Home,28.5874217,77.0702439
Bhatia Global Hospital,28.6655435,77.08244
Birla Fertility & IVF,28.6677029,77.13198125
Bm Hospital,28.6184538,77.0658712
BR Healthcare Rohini,28.7443866,77.1196309
Brahm Shakti Hospital,28.712357,77.081262
BSF Hospital,28.5109301,77.2407796
Budhho Devi Hospital,28.843007,77.0913617
Burari Hospital,28.76171524,77.18999525
C.G.H.S. Maternity & Gynae Hospital,28.56549728,77.17687274
Capital Eye Centre,28.6874142,77.1928254
Care n Cure 24,28.653375,77.0726925
Care New born & Child Hospital,28.6674155,77.1155597
Central Armed Police Forces Institute of Medical Sciences,28.47432883,77.21575463
Chacha Nehru Bal Chikitsalaya,28.653163,77.268342
Chander Leela Hospital,28.6186477,77.0623437
Chandiwala Hospital Shahdara,28.6750114,77.2904545
Chandiwala Institute of Eye,28.544205,77.2659895
Chaudhary Braham Prakash Ayurvedic Charak Sansthan,28.5721366,76.9336152
Chaudhary Brahm Prakash Charak Sansthan,28.57249144,76.93558662
Chaudhary Eye Centre,28.64203594,77.24367443
Children & Maternity Centre,28.7334154,77.1261114
Choudhary Hospital,28.6900075,77.1481284
Chouhan Hospital,28.8260731,77.1760006
City Health Hospital,28.6105806,76.9735567
City Hospital,28.6439995,77.1912841
City Hospital 42,28.7457338,77.1445171
Clifton Springs Hospital,28.6005702,76.9885337
Cribs Hospital,28.543241,77.300456
CRPF Composite Hospital,28.6390663,76.9572897
Curewell Hospital,28.6651197,77.1952107
Cygnus Orthocare Hospital,28.5460823,77.1973263
D.R. Nursing Home,28.6963486,77.1730105
Dashmesh Hospital,28.6304061,77.0988531
Deen Dayal Upadhyaya Hospital,28.62802523,77.11230856
Deep Chand Bandhu Government Hospital,28.68175728,77.17833478
Deepan Hospital,28.5300327,77.0848898
Dehli Hospital,28.6418873,77.2450734
"Delhi City, Medical",28.6559519,77.2811441
Delhi Common Wealth Women Association,28.5556776,77.2369473
Delhi ENT Multispeciality Hospital,28.539926,77.292145
Delhi Global Hospital,28.7449215,77.1431698
Delhi Heart and Lung Institute Super Speciality Hospital,28.6416777,77.2052683
Delhi State Cancer Institute,28.68658393,77.30884499
Devansh Hospital,28.7501926,77.0825296
DGD Prem Nagar,28.66261,77.1624729
DGD Surajmal Vihar,28.65888843,77.3060158
DGD Vivek Vihar,28.6696193,77.3190619
Dhan Devi Charitable Hospital,28.5253365,77.2363897
Dhanvantari Ayurvedic Hospital,28.67068735,77.12551692
Dhanwati Hospital,28.6123667,76.9686781
Dharamshila Hospital,28.60261573,77.31418199
Dharmarth Hospital,28.72203682,77.17564593
Dhruv Hospital,28.6890276,77.0857544
Diabetes & Hormone Clinic,28.535271,77.294414
Dispensary,28.6108799,77.07431096
Dispensary Child Welfare Centre,28.6887375,77.1330548
Divya Prastha Hospital,28.5862424,77.0875445
Diyos,28.5660178,77.1946519
Doctor B.L. Kapoor Memorial Hospital,28.64349967,77.17982643
Doctor Baba Saheb Ambedkar Hospital,28.71401356,77.1137192
Doctor Grover's Nursing Home,28.6284133,77.1469129
Doctors Diagnostic Centre Najafgarh,28.6145619,76.9844782
Dr B R Sur Homoeopathic Medical college and Hospital,28.5862718,77.1684265
Dr BD Attam Hospital and Medical Research Centre,28.6960546,77.1734959
Dr Chaudhry's Moral Hospital,28.7023722,77.2724415
DR CHOPRAS SPINE JOINT SOLUTIONS INDIA - joint replacement doctor in west Delhi,28.6581639,77.1421631
Dr Sarita Jaiswal,28.6026654,77.3140801
Dr Suresh Garg - Eye & Laser Hospital,28.671097,77.110835
Dr. Batra's Clinic,28.5288731,77.2557006
Dr. Indra Hospital,28.7980095,77.0354003
Dr. Meena Indra Hospital,28.7984412,77.0356652
Dr. N. C. Joshi Memorial Hospital,28.6529654,77.1994853
Dr. Rajeev Hospital,28.8006984,77.0353788
Dr. Rakesh Multispeciality Hospital,28.8402532,77.0822963
Dr. Shroff Charity Eye Hospital,28.6459381,77.242051
Dr. Shyama Prasad Mukherjee Chest Hospital,28.6140205,77.2898985
Dr. Sunder Lal Memorial Hospital,28.5063405,77.231747
Dr. Swati Srivastava | Gynecologist in Delhi,28.52918294,77.21375663
DUKH NIWARAN MEDICAL CENTER,28.6865598,77.2902512
Dwarika Medicare & Maternity Centre,28.6148521,77.0490279
Dwarka Heart Centre,28.5995579,77.0436777
Dwarka Hospital,28.6166831,77.0316366
Dwarka New Born and Child Hospital,28.6194069,77.0291453
ECHS Polyclinic Hospital,28.5095465,77.2545063
Ekta Hospital,28.74831,77.1405079
Escorts Heart Institute,28.56016907,77.27371001
ESI,28.61194979,77.0768281
"ESI Hospital, Rohini",28.72792825,77.12577487
ESI TB Hospital,28.735014,77.1401182
ESIC Dispensary-cum-Diagnostic Center,28.60534957,77.29568058
ESIC Hospital,28.5143778,77.2815719
ESIC Hospital,28.7273448,77.126818
Eye Mantra Hospital,28.67869,77.0985133
Family Hospital,28.7013032,77.0983471
Faraz Hospital,28.5464875,77.3005748
Foji Hospital,28.6133491,76.9760625
Fortis Bloom,28.5287785,77.2437938
Fortis C-DOC Hospital,28.5469888,77.2494873
Fortis Hospital,28.51928077,77.16036247
Fortis Hospital,28.70933199,77.17028431
Free Maternity & Child Welfare Centeri,28.6472649,77.2308534
Gahlot Hospital,28.704823,77.043677
Galaxy Hospital,28.65298385,77.2949809
Gamca,28.5703187,77.2369366
Gandhi Hospital,28.6200029,77.0535384
Garg Hospital,28.65315571,77.29494312
Garg Nursing Home,28.6790286,77.157259
Gaudham Cancer Ayurvedic Treatment & Research Center,28.67286,77.130852
Gendox Hospital,28.519682,77.1733997
Genesis Hospital,28.620674,77.08125
Gopal Nursing Home,28.69087555,77.29150085
Gouri Hospital Ltd,28.6796305,77.20819
Government Ayurvedic Hospital,28.6635722,77.1458797
Government Dispensary,28.6705615,77.1511902
Government Dispensary,28.6098281,77.3377451
Government Hospital,28.668361,77.277492
"Government Hospital, Jawalapuri",28.674566,77.080093
"Government Maternity Hospital, Laxmi Nagar",28.63508697,77.27811018
Governmentt Eye Hospital,28.6697864,77.0646877
Govt Dispensory,28.5866431,77.0573761
Goyal Hospital,28.6616551,77.0853346
"Goyal Hospital, Nilothi",28.6527464,77.0707603
Goyal MRI & Diagnostic Centre,28.5647144,77.1893283
Gupta Nursing Home,28.6759254,77.2876085
Gupta Ultrasound & Heart Care Centre,28.67124684,77.11237817
Guru Gobind Singh Hospital,28.65386506,77.10715042
Guru Harkishan Hospital,28.5821004,77.2641583
Guru Harkrishan Hospital,28.581479,77.261959
Guru Nanak Eye Hospital,28.63830246,77.23223465
Guru Ram Dass Charitable Hospital,28.6376807,77.1125936
Gyanchandra Joshi Ayurvedic Hospital,28.662511,77.144284
HAH century hospital,28.5128503,77.2513477
Hakeem Abdul Hameed Centenary Hospital,28.5149753,77.2519382
Hans Charitable Hospital,28.7002703,77.2083671
Hardik Hospital,28.6367362,77.0532022
Healing Touch Hospital,28.5427709,77.2073754
Hindu Rao Hospital,28.67600798,77.21213728
Hitaishi Hospital,28.7057013,77.1225618
HOD Ashok Vihar - House Of Diagnostics,28.6956326,77.1874885
HOD Green Park - House Of Diagnostics,28.56048247,77.20749133
HOD Karkardooma - House Of Diagnostics,28.6470935,77.3020999
HOD Rajouri Garden - House Of Diagnostics,28.6484714,77.1204602
Holistic Skin Care,28.51927657,77.21437905
Holy Family Hospital,28.56207177,77.27607174
IG ESI Hospital,28.6665856,77.3111297
INDIAN BAGHEERA VETERINARY HOSPITAL,28.6944964,77.2921256
Indian Cancer Institute,28.5483823,77.2419692
Indian Spinal Injuries Centre,28.53239436,77.141906
Indira Gandhi Hospital,28.57995453,77.06200899
Indiraj Hospital,28.85238226,77.08480147
IndraGandhi ESI HOSPITAL,28.6665679,77.3110943
Indraprastha Apollo Hospital,28.5408389,77.2834999
Indraprastha Apollo Hospital,28.5408159,77.2835195
Indus Valley Hospitals,28.6136472,76.9909557
Infirmary,28.6414623,77.299997
Injury Centre,28.6063225,77.0526152
Institute of Brain and Spine,28.5656044,77.2442543
Iqbal Faizy Hospital,28.5561387,77.2893706
Ishan Hospital,28.7336313,77.1397543
Jackson Hospital & Research Centre,28.7375325,77.121294
Jag Pravesh Chandra Hospital,28.6764665,77.262937
Jai Maa Tara Hospital,28.6738845,77.1800003
Jain Muni Roshan Lal Charitable Hospital,28.6751133,77.162161
Jainar Hospital,28.660601,77.0907507
Jaipur Golden,28.69772725,77.1097813
JANAKPURI SUPER SPECIALITY HOSPITAL,28.62055693,77.08988618
Janki Hospital,28.6058663,76.987173
JankiDas Kapur Memorial Hospital,28.649171,77.151169
Janta Hospital,28.8416834,77.077561
Jasrotia Hospital,28.6237693,77.1157209
Jay Hospital,28.6085349,76.9861235
Jeevan Anmol Hospital,28.60576846,77.29543489
Jeevan Daan Hospital,28.698019,77.054191
Jeevan Jyoti Hospital,28.5223738,77.2855634
Jeevan Jyoti Hospital,28.6190592,77.0466915
Jeevandan Hospital,28.6952239,77.0549322
Jeewan Hospital,28.643625,77.188255
Jhamb Maternity and Medical Centre,28.7090339,77.1540084
Jivodaya Hospital,28.69246115,77.17233235
Jiwan Charitable Hospital,28.6897352,77.0858096
JNU Health Centre,28.5495066,77.1676082
jp memorial,28.6845119,77.3296536
Jyoti Memorial Charitable Hospital,28.6121935,76.98839369
K R Gangwal Hospital,28.8576922,77.1070231
K.R. Hospital,28.5074677,77.1848394
Kailash Deepak Hospital,28.64497398,77.30131541
Kalindi Hospital,28.5408332,77.2958778
Kalpavriksh Super Speciality Center,28.5978809,77.0351429
Kalra Hospital,28.6551825,77.1387304
Kalyan Nursing Home,28.6814958,77.3283939
Kalyani Hospital,28.6132186,76.9876459
Kamaal Nursing Home,28.6798998,77.2718597
Kamlesh Nursing Home,28.6699638,77.0886996
Kanojia Hospital,28.6262562,77.012034
Kanta Sethi Hospital,28.7012483,77.0988184
Karala Government Hospital,28.7321173,77.037425
Karuna Sindhu Charitable Hospital,28.6557378,77.0163489
Kasturba Hospital,28.649831,77.2359282
Kasturba Hospital,28.6485447,77.2385223
Kavita Poly Clinic & Hospital,28.7261791,77.2704213
Kaya Kalp Hospital,28.7305663,77.2100401
Kelvin Diagnostics,28.6625223,77.1417334
Kesar Hospital,28.7059502,77.1644781
Kesar Hospital,28.695522,77.0591
Kesar Nursing Home Dabri,28.6089466,77.1008845
Khadija National Hospital,28.6437984,77.2381596
Khetarpal Hospital,28.652562,77.130018
Khushi Hospital,28.607392,77.0491427
Kiran Das Charitable Hospital,28.6524161,77.0617704
KK SURGICAL CENTRE,28.6925868,77.292098
Konarc Hospital,28.6773715,77.0638665
Krypton Global Health,28.638646,77.0732307
Kuber Hospital,28.6900528,77.1357109
Kukreja Hospital,28.6092197,77.2948507
Kukreja Hospital,28.696354,77.053765
Kumar Medical & Maternity Centre,28.7041641,77.160742
Kunj Eye Hospital,28.500025,77.237142
L.D. Hospital,28.5004025,77.3232801
Lajpat Nagar Colony Hospital,28.56913848,77.24484285
Lal Bahadur Shastri Hospital,28.6186316,77.31365385
Lal Bahadur Shastri Hospital,28.6178479,77.31147621
Lal Hospital,28.7025443,77.2832977
Leekha Nursing Home,28.5520278,77.2080381
Lifeline Hospital,28.5941071,77.0426925
Lions Kidney Hospitals,28.571321,77.274224
Lotus Hospital,28.626739,77.110763
Luv Kush Hospital,28.724975,77.2687617
Madhav Nursing Home,28.6990967,76.99300758
Madhukar Rainbow Children's Hospital,28.52931325,77.20474803
Mahajan Hospital,28.7183028,77.1710383
MAHALAKSHMI HOSPITAL,28.6892732,77.2986283
Maharaja Agarsain Hospital (Charitable),28.69161514,77.16477938
Maharaja Agrasen Hospital,28.6740586,77.1340566
Maharaja Agrasen Hospital,28.71827052,77.0653941
Maharaja Agrasen Hospital,28.59370102,77.07848578
Maharishi Valmiki Disease Hospital,28.70452912,77.20307474
Maharishi Valmiki Hospital,28.775826,77.048597
Mahavir International Eye Hospital,28.6598583,77.2157522
Mahesh Hospital,28.6264544,77.3023362
Maheshwari Hospital,28.7122011,77.1419875
Mahindru Hospital,28.6206121,77.0495632
Majeedia Hospital,28.5148169,77.2518253
Makkar Multispeciality Hospital,28.641072,77.28240921
Malhotra Nursing Home,28.6197989,77.3039095
Malik Maternity Home and Surgical Centre,28.6154991,76.982911
Malik Nursing Home,28.6094473,77.3343703
Malik Radix,28.6353257,77.2881381
Manav Medicare Centre,28.5706874,77.2199599
Manchanda Hospital,28.4943675,77.1836992
Mangalam Hospital,28.6228832,77.2966806
Manipal Hospitals,28.5929199,77.0637613
"Manna Clinic & Maternity Home, Rani Bagh",28.6857157,77.1315855
Mansaram Hospital,28.6723615,77.0588003
Mantra Care,28.67868384,77.09861457
Marg Hospital,28.6997775,77.0513459
Mata Chanan Devi Hospital,28.618749,77.078224
Mata Chandana Devi Hospital,28.635321,77.0539739
Mata Roop Rani Maggo Hospital,28.6211011,77.0502551
Mata Sumitra Devi Hospital,28.5779214,77.0239288
Matrchaya Child Care,28.665228,77.08128
Maujiram Lions Eye Hospital,28.837695,77.1797456
Maulana Azad Institute of Dental Sciences,28.6371532,77.236999
Mavi Hospital,28.7134013,77.263533
Max Healthcare,28.72779487,77.15267516
MAX Hospital,28.52742029,77.21178344
Max Medcentre,28.5645418,77.2399229
Max Multi Speciality Centre,28.5434575,77.214298
"Max Multi Speciality Centre, Pitampura",28.6931702,77.1517793
Max Superspeciality Hospital,28.63326893,77.3091575
Mayur Medicare Center,28.6060579,77.2933797
MCD Dispensary,28.73659292,77.19780335
MCD Maternity Government Hospital,28.7113776,77.1176777
MCW Defence Colony,28.56766985,77.23401185
MCW Giri Nagar,28.540349,77.262854
MCW Hauz Khas,28.54322274,77.20326225
MCW Sewa Nagar,28.577053,77.226043
Medeor Hospital,28.5964391,77.0457328
Medeor Hospital,28.5374555,77.1810712
Medeor Hospital,28.59640863,77.0455139
Medha Hospital,28.7045697,77.1449278
Medstar Hospital,28.6590574,77.0907424
Mehra Hospital,28.6711074,77.1276492
Mehta Hospital,28.523344,77.2312921
Metro Hospital and Cancer Institute,28.63840818,77.29489967
Metro Hospital and Heart Institute,28.5647231,77.2437868
MGS Hospital,28.6739027,77.1346394
MH Haiderpur,28.7235001,77.1515703
MIND BRAIN & MENTAL HOSPITAL,28.6904216,77.2916753
Minimal Access Smart Surgery Hospital,28.54677774,77.24955432
MKW Hospital,28.6392919,77.119633
Mohan Eye Institute,28.6431266,77.1906871
Mohan Nursing Home & Hospital,28.702744,77.267766
Moolchand Khairati Ram Hospital,28.56660811,77.23552564
Mrs. Girdhar Lal Maternity Hospital,28.64329407,77.2244213
Muni Maya Ram Jain Hospital,28.700019,77.141187
Munshi Shiv Charan Sadar Lions Hospital,28.7285988,77.1671261
Muskan Hospital,28.6919851,77.2548371
Naman Hospital,28.85958,77.101773
Nanak Darbar Charitable Hospital,28.6520769,77.0615293
Narang Hospital,28.6460854,77.0980297
Narayani Hospital,28.6122422,76.9798637
National Hospital,28.507902,77.2494122
National Institute of TB and Respiratory Diseases,28.529118,77.1900425
Nature Care Hospital,28.7618377,77.1871469
Naturopathy Hospital,28.7272273,77.1431096
Navjeevan Hospital,28.6948742,77.1088735
Navjeevan Nursing Home,28.653289,77.2780809
Navjoyti Eye Centre,28.6435226,77.2424612
Nayati Sunder Lal Jain Hospital,28.69224663,77.18141598
Nazar Kanwar Surana Hospital,28.6752381,77.1907591
Nazar Kanwar Surana Hospital,28.67533467,77.19086208
NDMS Park,28.4851071,77.1938033
Neera Eye Centre,28.6424432,77.2427645
Neha Hospital,28.7196717,77.2658014
Neptune Hospital,28.5324257,77.2026545
Netrayatan Hospital,28.5299782,77.2451946
New Heera Hospital,28.6130081,76.9887306
New Rohini Hospital,28.6995752,77.0963422
NGO Lok Kalyan Samiti,28.629808,77.2387009
Nijhara Hospital,28.646316,77.165748
Nirmal Hospital,28.820678,77.173096
Nirmala Hospital,28.6312194,77.0015182
Nirvana Hospital,28.731172,77.1332663
North Delhi Nursing Home,28.696547,77.179557
Northern Railway Hospital,28.66216383,77.21995245
Nulife Multi Specialty Hospital,28.7008293,77.2086357
O.P. Memorial Hospital,28.6992105,77.0965459
Oncoplus Hospital,28.5697622,77.2267424
Orchid Hospital Maternity and Heart Centre,28.614656,77.0874447
Ortho Care Hospital,28.613246,76.991315
Orthoplus Hospital,28.6139007,76.976352
Orthostar Hospital,28.5083921,77.2314148
Panchsheel Hospital,28.7017,77.279607
Parivar Seva Clinic,28.65216719,77.29461428
Parivar Sewa Sansthan,28.5672773,77.2473565
Parmarth Mission Hospital,28.6810176,77.1979673
Parnami Orthopaedic Hospital,28.7136327,77.1734502
Paschim Vihar West,28.67852,77.0997686
Patel Hospital,28.6308656,77.2783314
Pearl Hospital,28.5959686,76.9916517
PGH Hospitals,28.636193,77.048981
PHC Ujjwa,28.5702527,76.9041305
Phoenix Hopsital,28.5500671,77.2440346
Prashant Nursing Home,28.7148991,77.1326764
Prem Chiktsa Kendra,28.5739982,77.1773627
Primary Health Centre,28.59148107,77.08181977
Primary Urban Health Centre Cum Maternity Home & Poly Clinic,28.513195,77.2652745
Pristyn Care Elantis,28.5650215,77.2477571
Pt. Madan Mohan Malviya Hospital,28.53550164,77.21385457
PUSHPANJAL hospital,28.6803024,77.085012
Pushpanjali Medical Centre,28.65400746,77.30900066
Pushpawati Singhania Hospital and Research Institute,28.53312,77.2254277
R G Hospitals,28.5540733,77.2440645
R. Nayyar Hospital,28.6203861,77.0431588
R.R.Hospital,28.6278418,77.0126848
Raj Poly Clinic Hospital,28.6989183,77.0530355
Raj Rani Hospital,28.6138358,77.3233982
Rajan Babu Tuberculosis Hospital,28.70200398,77.20113312
Rajiv Gandhi Cancer Institute and Research Center,28.71640563,77.11089518
Rajiv Gandhi Super Speciality Hospital,28.689695,77.31656855
Ram Lal Kundan Lal Orthopaedic Hospital,28.6179569,77.2866841
Ramakrishna Mission T.B.Clinic and Medical Centre,28.64589705,77.19604877
Rao Raghubir Hospital,28.6750507,77.0610089
Rao Tula Ram Memorial Hospital,28.59487639,76.91333007
Rashmi Hospital,28.7025469,77.1473691
Rathi Hospital,28.6514885,77.0315432
Ravi Nursing Home,28.6172493,77.0305823
Red Cross Hospital Society Mat. Welfare and Child Care Hospital,28.678117,77.3225828
RK Hospital,28.5034403,77.2480077
RLKC Hospital,28.6510947,77.1546934
Rohan Hospital,28.629752,77.002263
Rosewood Hospital,28.610136,76.992631
Rural Medical Centre,28.5158966,77.1965361
Sabharwal Hospital,28.6443841,77.2385497
Sai Charitable Dispensary & Nursing Home,28.6893425,77.3003113
Sai Drishti Maternity Centre,28.7313713,77.1251957
Sai Nursing Home,28.621501,77.081707
sai nursing home,28.61322798,77.3232887
Saint soham hospital private,28.7983668,77.0352715
Saint Stephen's Hospital,28.66615401,77.21415727
Saket City Hospital,28.52742505,77.21426656
Sama Hospital,28.5544846,77.2270262
Samarpan Multispeciality Hospital,28.8427173,77.0884491
Sanchet Hospital,28.6700151,77.0885037
Sanjay Gandhi Memorial Hospital,28.69402909,77.0803565
Sanjay Gandi Hospital,28.6337619,77.1700493
Sanjeevan Hospital,28.6412816,77.2429413
Sanjeevan Surgical Centre,28.6992877,77.0962764
Sanjeevani Hospital,28.851102,77.085381
Sanjeevani Maternity & Children Hospital,28.6222392,77.0390502
Sanjeevni Hospital,28.54422012,77.29531261
Sanjevani Hospital,28.6052388,76.9874092
Sanjivani Gynec & Children Hospital,28.6242925,77.0390494
Sanjivani Hospital,28.674249,77.0502678
Sanjivini Nursing Home,28.6814911,77.2007198
Sankhwar Hospital,28.6151295,77.3237989
Sant Nirankari Health City (SNHC),28.7242334,77.2028697
Sant Nirankari Health City (SNHC),28.72391642,77.20224339
Sant Parmanand Hospital,28.66319333,77.23781405
Sant Parmanand Hospital,28.67774909,77.22422104
Sant Soham Hospital,28.7974008,77.033424
Sant Soham Hospital,28.73558817,77.11295498
Santom Hospital,28.7140205,77.1383483
Santosh Hospital,28.6789124,77.0502929
Saral Diagnostics,28.6944136,77.1287968
Saransh Hospital,28.6887151,77.1324657
Saras Hospital,28.4871984,77.3124513
Saraswati Hospital and Laproscopic Centre,28.626424,77.009835
Sardar Vallabh Bhai Patel Hospital,28.647023,77.16905321
Saroj Hospital,28.7061564,77.1290461
Saroj Medical Institute,28.7340712,77.1390604
Satya Multi Speciality Hospital,28.6268253,77.039392
Satyabhama Hospital,28.6769478,77.0634761
Satyam Medical Centre,28.5412998,77.1864475
Satyawadi Raja Harish Chander Hospital,28.840596,77.1032565
Savera Hospital,28.6884962,77.1222079
Savitri Hospital,28.686033,77.1471281
Savitri Hospital,28.7353344,77.0128194
Sawan Neelu Angel's Multispeciality Hospital,28.522116,77.215201
Sawan Neelu Angel's Multispeciality Hospital,28.52210355,77.2151007
SCI International Hospital,28.5498881,77.23402593
SCI IVF Hospital,28.5495245,77.2337844
Sehgal Neo Hospital,28.658057,77.09143
Shakuntla Nursing Home Sagarpur,28.6081283,77.0952919
Shamsi Clinic,28.53032414,77.21403348
Shankar Hospital,28.62810488,77.07258581
Shanti Kumud Hospital,28.7176383,77.1701132
Shanti Medical Centre,28.619157,77.2855408
Shanti Mohan Hospital,28.852043,77.082868
Shanti Mukund Hospital,28.6457448,77.3017216
Shanti Nursing Home,28.6190345,77.2856275
shanti nursing home LLP,28.6779567,77.2825741
Sharma Medical Center,28.6494565,77.209831
Sharp Sight Center,28.6403964,77.2934473
Shiv Jivodaya Janta Hospital,28.844519,77.087491
Shradha Multi Speciality Hospital,28.856633,77.088436
Shree Balaji Action Medical Hospital,28.6739251,77.1105496
Shree Balaji Hospital,28.7985051,77.0352927
Shree Dhanvantri Hospital,28.6121179,76.9756046
Shree Hospital,28.5982541,77.041201
Shree Jeewan Hospital,28.6579998,77.1943948
Shri Dada Dev Matri Avum Shishu Chikitsalaya,28.60986052,77.08228615
Shri Mahant Gurmukh Singhji Charitable Hospital,28.6739475,77.1352525
Shri Multan Sewa Samiti Eye Care Hospital,28.6942651,77.1302581
Shri Ram Singh Hospital,28.6605443,77.2875908
Shri Sanjivani Hospital,28.6080273,76.9857721
Shubh Nursing Home,28.635346,77.0566637
Silver Line Nursing Home,28.6228036,77.2959726
Singhal Hospital Palam Colony,28.5882997,77.0887312
Sinha Hospital,28.6124178,76.9931022
Sir Ganga Ram Hospital,28.63848505,77.18964967
Sir Ganga Ram Kolmet Hospital,28.643492,77.187296
SITE,28.5764608,77.0675724
SITE BOUNDARY,28.57678418,77.06758543
Skylife Multispeciality Hospital,28.7497815,77.1430972
Sodhi Nursing Home and ENT Hospital,28.6702118,77.087877
Somdatt Medical,28.6293605,77.276622
Sona Maternity and Nursing Home,28.6656992,77.2906128
Sonia Hospital,28.682627,77.0524348
Sparsh Mother & child care hospital,28.6801482,77.1945449
SR Krishna Hospital,28.61641,77.047023
SRG Hospital,28.6496187,77.0296634
SRG Speciality Hospital,28.6706849,77.1794945
Sri Guru Nanak Charitable Hospital,28.629893,77.146723
st. stephen hospital,28.6939954,77.3171197
Sudarshan Hospital,28.845479,77.089664
Sujan Mohinder Singh Hospital,28.5629027,77.2685753
Sukhda Hospital,28.5469254,77.2445375
Sukhmani Hospital,28.5597233,77.2005001
Sumiti Vishal Charitable Hospital,28.6137065,77.044482
Sumitra Hospital,28.6734516,77.1240716
Sunand Hospital & IVF Centre,28.618746,77.0480879
Sunder Lal Jain Eye Hospital,28.6495013,77.2098206
Sunil Hospital and Nursing Home,28.5358718,77.2091623
Sunil Memorial Nursing Home,28.5873313,77.0846422
Sunrise Healthcare Centre,28.5452411,77.3001922
Sunrise Hospital,28.730694,77.133406
"Sunrise Hospital, Faridabad",28.5769233,77.2660263
Surbhi hospital,28.6491348,77.2164415
Surya hospital,28.66301315,77.28580584
Surya Kiran Hospital,28.6138396,76.9923106
Surya Laxmi Hospital,28.6322953,77.0499201
Sushila Hospital,28.8596954,77.08365
Sushruta Maternity And Surgical Centre,28.6587906,77.0903999
Sushruta Trauma Centre,28.6797783,77.2283852
Swami Dayanand Hospital,28.67935069,77.30359668
Talwar Medical Centre,28.5363921,77.2441716
Tamish,28.699593,77.1045409
Tarak Hospital India Private Limited,28.619298,77.030036
Taravati Hospital,28.628851,77.300537
The Leprosy Mission Community Hospital,28.69145758,77.31775666
Tibetan Medical and Astro Institute,28.58785492,77.2515415
Tirath Ram Hospital,28.666922,77.3178057
Tirath Ram Shah Hospital,28.6708223,77.2162565
Tondan hospital,28.6664871,77.3207024
Triton Hospital,28.54728099,77.25471783
Triveni Hospital,28.7207367,77.2666955
Tyagi Hospital,28.6912301,77.0902773
Tyagi Hospital,28.7187985,77.1681742
TYGAI DIAGNOSTIC CENTER,28.6913354,77.2913592
UK Nursing Home,28.634107,77.076458
Under Construction Hospital,28.6336658,77.061634
Upchar Nursing Home,28.6975051,77.1772633
Vacant Plot for Hospital C-Block,28.62482212,77.14266042
Vallabh Hospital,28.5323573,77.2659687
Vardaan Hospital,28.5372268,77.2149447
Vardayani Charitable Multi-Speciality Hospital,28.7221086,77.171616
Vashishta Clinics & Hospital,28.5352441,77.2079327
Vasist Hospital,28.701646,77.280317
Vibhu Nursing Home,28.5347579,77.2083916
Vikas Hospital,28.5193612,77.1743007
Vikas Hospital Private Limited,28.610754,76.980957
Vimhans,28.5679777,77.25158641
Vinayak Hospital,28.6985342,77.1870961
Vinod Karhana Hospital,28.712504,77.2626857
Viola Hospital,28.5588756,77.2942198
Virmani Hospital,28.619588,77.3012574
Vishwakarma Hospital,28.6110344,76.9735825
Viswanathan Chest Hospital,28.69069408,77.20973791
Walia Nursing Home,28.63303468,77.28072239
Westend Hospital,28.63876828,77.09594596
White House Hospital,28.7018331,77.2784256
World Brain Center Hospital,28.6121754,77.0886731
Yogmaya Multispeciality Hospital,28.4943274,77.1833094
